temperature_c,depth_m,salinity_ppt,pollution_index,health_status
29.993428306022466,8.36433812584465,34.53618638442521,2.5646306101676597,healthy
28.72347139765763,5.97357793270721,33.871765391614126,3.553197484738877,healthy
30.295377076201383,26.184349482658195,35.47876176562877,6.739942081457304,healthy
32.04605971281605,28.846077606502245,37.01067566903472,0.6256484221945158,bleached
28.531693250553328,3.2002735033743974,32.187241295531386,2.1050693966534295,healthy
28.53172608610164,37.57606535726021,35.172539118721126,8.090236402916764,diseased
32.15842563101478,3.9749087787559514,34.75980080665004,1.4692192358377076,bleached
30.534869458305817,22.56926074144068,36.0070101146757,3.4264514652252154,healthy
28.061051228130097,28.944299739134824,35.31979494235653,8.6465892185814,diseased
30.08512008717193,35.09682670235125,33.87204600239177,1.5492531114344266,healthy
28.073164614375074,29.135303421032255,34.521419096500075,0.827368356181899,healthy
28.068540492859487,32.46566715665209,33.80596121479476,4.845379950800108,healthy
29.48392454313207,14.89910731662663,36.6140107078979,3.024195112785364,healthy
25.173439510684403,32.963354322367465,35.03196747300791,5.634083644838541,healthy
25.550164334973935,5.044364162617655,37.85178602862951,8.038048904834751,diseased
27.875424941518055,36.00303293030005,34.90900877927807,1.3714848815274316,healthy
26.974337759331153,22.808510293841977,33.93738984963431,5.80699084554285,healthy
29.628494665190548,33.05731525857476,32.72942841108076,5.055087603898639,healthy
27.183951848957577,19.188094811695404,32.295290485616086,1.4407878601319957,healthy
26.175392597329417,26.455952417467948,32.62379608549176,6.2399848552898245,healthy
31.931297537843108,22.003301115572302,35.40068997651723,2.7364041786077165,bleached
28.54844739902693,29.80040182670261,35.7630875348449,4.878343185440125,healthy
29.13505640937585,5.101939317162404,32.6282139469518,0.8227232427706188,healthy
26.150503627573087,4.293379191641424,36.342557471114176,4.595840572136231,healthy
27.911234550949636,11.389922892385565,34.27540842247484,3.0646346804282034,healthy
29.22184517941973,8.062697844301157,35.220189517978326,8.223812111853544,diseased
26.698012845155393,35.12777553050366,37.418330942383136,0.5697872699736828,healthy
29.751396036691343,10.330131519605684,36.345258973798295,4.1860727491833,healthy
27.79872262016239,39.08287972112699,34.59720402814125,4.58431424131438,healthy
28.416612500413446,14.80204008730206,33.66321166187707,7.250060762991187,healthy
27.796586775541208,8.920480796170573,31.77227689800604,5.74287575090211,diseased
32.70455636901787,32.00854327141421,33.92127002113637,6.672123371941811,bleached
28.97300555052413,27.030895469033293,34.68330464175846,7.770492856517562,healthy
26.8845781420882,20.93143722521928,33.519230709273224,8.622029736581888,diseased
30.645089824206377,23.103814935629988,34.803114549361545,3.1387549672247053,healthy
26.558312700057954,29.329667574346026,35.11527782443815,5.38022705363903,healthy
29.41772719000951,10.681280170589352,34.662716027287885,8.401080784391999,bleached
25.08065975224045,39.86068881015619,34.02499612876481,9.894511309650564,diseased
26.34362790220314,39.04214016157776,35.252982007950095,8.895193110437631,diseased
29.393722471738247,26.712376081183603,35.66291097435411,3.714672626243768,healthy
30.47693315999082,9.582613135307515,33.364401383835734,1.9516651721865041,healthy
29.34273656237994,27.84867321238907,37.116398569619406,4.893925374065887,healthy
28.768703435223518,4.743539541208682,34.852117801573606,7.416414518360423,healthy
28.397792608821423,3.1647950838206302,35.02827443441727,4.925690707532976,healthy
26.042956019265144,11.79194976342612,36.06232163488484,4.831808633136685,healthy
27.560311583210584,19.57967235609402,35.349824196895256,8.382304210818006,diseased
28.078722458080424,34.99435520551846,36.42970495086987,3.6140377906718637,healthy
31.11424445243783,29.632424651119706,35.43068624780274,8.597946748116456,bleached
29.687236579136922,30.22284780559928,34.081343938039346,4.068048009517236,healthy
25.47391968927453,18.168746709026863,35.542255287809155,3.282331056783394,healthy
29.64816793878959,15.14552971678459,33.284410689019005,4.53989911199699,healthy
28.229835439167367,16.099472993414903,35.162839558664785,7.624469586748685,healthy
27.646155999388082,39.530683421970195,34.95015501403331,1.2600202786399428,healthy
30.223352577681737,3.5241492736743343,34.68782471409119,1.9641921587201738,healthy
31.0619990449919,34.94719685265304,34.807193732841604,9.514448256630919,bleached
30.862560238232398,23.98966552575095,32.17722643175354,1.7549162738135737,healthy
27.321564953554724,18.66738592920444,34.17691263838856,5.6772731793105455,healthy
28.381575248297573,29.559791095775186,35.13926735171167,5.793144666619378,healthy
29.662526862807127,20.493419774138708,35.2397845879961,4.896244620502448,healthy
30.95109025424472,35.1900830471031,33.45848728861106,6.447452485768186,healthy
28.04165152430942,36.22667083242782,36.89856176129705,2.2982672579761845,healthy
28.628682046672367,18.025395221191307,33.70073772767825,5.526622677767482,healthy
26.787330051987944,12.51945629493196,36.45418580079011,3.7217325524689713,healthy
26.60758675183866,24.509312486547763,35.64079154280753,6.61667259629189,healthy
30.625051644788396,36.669807133434254,34.030659035234294,1.4122354337314946,healthy
31.712480057141647,10.00516318221533,37.662966338914266,5.708774168394762,bleached
28.855979756839332,25.672730175412347,33.20954475236528,1.852703553833237,healthy
31.007065795784047,25.99928836351578,36.378731260415,2.786430631150364,bleached
29.723272050095268,29.858294851780677,36.50087347706447,2.1870980032358323,healthy
27.70976049078975,6.9995720348358725,33.99406968638503,1.828377798688171,healthy
29.722791211016826,29.201348657919365,37.088697950096496,8.25710951560667,diseased
32.07607313293194,36.54323578529436,34.62493022810157,2.857075676608903,bleached
28.928347921780098,8.827958137069196,35.433040443919786,9.271237818644494,diseased
32.12928731162801,11.02664634710735,35.39048275815683,9.699265253451909,bleached
23.76050979182051,38.913013573582305,34.79853688779418,5.712604699370973,healthy
30.643805008750448,8.877124202960612,36.216212409739676,1.430011226657264,healthy
29.17409413647634,34.46663354804401,36.19023308082832,3.7454824337958126,healthy
28.401985299068265,20.706558545025324,32.37720204014273,7.9773226334821405,healthy
29.183521553071003,11.394780827320728,36.95651036431723,3.673907286970705,healthy
25.024862170798215,35.08849624835543,32.50626201794649,0.8701721830278875,diseased
28.560656224324976,18.92159969010129,36.548819306512485,5.567849109281879,healthy
29.714225143023494,21.56305944932823,36.69005770524137,8.451208514960348,diseased
31.955788089483033,15.650868037191096,33.3635503546772,7.959263871435024,bleached
27.963459563452705,24.532132354527242,34.383778568068124,1.7512314013035324,healthy
27.383012794213624,8.213907158230866,33.341442997271095,6.727646144124667,healthy
27.996485912830927,16.861098392766905,34.6776184545669,2.205042634356471,healthy
30.83080423540415,38.837668248740925,34.53794857372139,2.1820753455217226,healthy
29.65750221931937,11.809070442642847,36.16949079840401,8.740717733051852,diseased
27.940479592465923,26.955993252569105,36.96546311917941,2.4966895274023013,healthy
30.02653486622671,14.357222440538406,37.093525716184935,2.632473465180112,healthy
29.19415509869608,31.391978776090824,34.15674796013255,0.006533907612995549,healthy
30.937289981065778,6.973199107297294,34.686167189383205,8.706690341255177,bleached
27.595893812245293,38.8531997129847,32.47484271166857,7.925948132091348,healthy
28.344675706804463,19.244002572578292,33.79119490025572,6.27328935090678,healthy
28.215783693735684,10.96991760716563,36.44727744964619,7.502657639388422,healthy
26.072970103735763,4.792876398540481,37.42337423532235,1.520485674244918,healthy
29.59224055412915,8.45080039332655,33.14847669218012,4.583235945875755,healthy
29.52211054435978,21.751410045128672,34.11130361127066,3.512193873487809,healthy
29.01022691328492,14.80612070438888,34.96039136456161,0.9377652625701649,healthy
28.530825733249706,33.497567903539164,35.42024173822941,4.861304852149241,healthy
26.169258515899173,18.373725899148624,33.78559472011753,9.207396503426354,diseased
28.15870935446928,11.451142358329935,35.63609156669614,0.4005911905069448,diseased
28.314570966946462,25.451509490953143,34.289240979393625,2.9146091349379386,healthy
27.39544546155676,28.857534241646942,34.97832159368258,2.0754093620570346,healthy
28.67742857666798,8.347592500236095,35.81942637200555,2.381466536656963,healthy
29.80810171362908,8.369530218956072,35.0096334047164,9.084345518793754,diseased
32.77237180242106,3.393514223474633,34.345421164210144,4.6806905423429015,bleached
29.349155625663677,29.98327657249434,34.835585294111254,4.662994129398188,healthy
29.51510078144553,27.224572049628595,34.867455561191996,7.605756424552823,bleached
28.851108168467665,20.03597327849293,34.44498345517681,1.544922040049258,healthy
25.162457569401916,34.07847706082949,34.61180590599935,4.872653541000508,healthy
28.946972249101567,32.615465812102016,37.39797075575707,4.2998521412105974,healthy
29.120460419882054,24.243465847076582,35.84137917191186,5.969106905466561,healthy
33.92648422497057,34.99430865950383,34.55677952295626,9.995577032504386,bleached
28.615278070437753,9.821965981397193,36.0454316067661,7.694488940820471,healthy
29.603094684667226,6.252945537113659,34.499270765365985,3.978657030174272,healthy
28.930576460589513,12.250485237645606,36.75968695637996,8.27553052274047,diseased
26.662643924760935,4.169300531393964,35.55446328829714,1.7070836331248018,healthy
31.285645629030043,22.184442064039217,34.83904678399366,0.30463686308960125,bleached
30.503866065373547,37.591016307208534,35.67157538871542,2.0444837246427303,healthy
30.582063894086094,3.4950545454033666,32.64368577189725,3.4041155611425964,healthy
27.18122509041052,6.640176732381018,33.30984879663529,5.105807574595599,healthy
31.805588621872197,19.18356307477054,33.20911249040142,6.151291405411998,bleached
26.19629787441544,37.48725066606039,35.21441464214556,9.106057172144217,diseased
30.17371418760054,14.01393198911652,37.598772499227636,5.0985400955045765,healthy
33.380911251619956,21.274922730158913,38.34695021928895,5.012756446257294,bleached
27.01892734973862,3.5797686439148997,35.957076652161135,0.5024300982298213,healthy
27.867404540794457,7.637041636559377,35.75126671241669,0.3491155265622381,healthy
29.199302730175283,39.49194467243618,32.29841339877089,5.511599619163721,healthy
27.9930486917676,38.67451046456973,34.185989300398965,4.381786132483445,healthy
25.898673137867736,2.1877192755075656,33.81832437213764,8.391803949802986,diseased
29.137125949612056,38.16884784608308,34.068728602623324,1.6067958471184518,healthy
26.87539257254779,26.286557636989013,34.747784272122814,0.24971662117049598,bleached
29.94718486127036,34.98089519176084,34.29186413345431,4.490387679301259,healthy
27.161151531532393,19.280114514086645,32.03105028443632,2.374785567522575,healthy
32.099868810035076,21.59264908601151,36.1218653841763,0.4961437333883745,bleached
27.433493415327526,20.57617004976297,33.39088546139029,7.24598286847629,healthy
28.35587696758865,27.340841786751966,35.35887029616672,1.1159299995724747,healthy
30.62703443473934,7.306747680739891,38.11112400462496,6.083195000077717,healthy
26.53827136713209,3.1389964151617624,33.62092311262037,2.8104975016688916,healthy
29.454919869208258,13.701337780465256,31.204568715880505,1.7349605035502202,healthy
31.614285508564855,28.777868983992576,34.570993667179835,3.7975152291931744,diseased
25.785033530877545,9.670431180672038,36.651439452497854,8.014457762229537,diseased
29.36926771706461,27.590432466346858,37.937521181330894,3.9209357690457267,healthy
29.519765588496846,38.85665775207627,33.155675608321374,7.507696492110557,healthy
30.56364574355462,5.5682271999978985,35.745048834854785,1.2548629679915069,healthy
26.526098578243836,27.5588804925548,34.30203431482992,7.727714196650791,healthy
26.359086773831446,18.862508333573704,34.841077468543794,2.3693332490664867,healthy
30.043883131233795,34.989405666345206,38.96651502052555,6.773931298888728,healthy
29.593969346466373,8.731691999000665,32.74554450740727,5.657815548409964,healthy
29.500985700691754,28.319786184594253,35.38060949224186,9.291447172116873,diseased
29.69289641899395,33.84838100662819,35.70153975764815,3.87322517975314,healthy
27.63995055684302,37.895340340012886,36.62867948740902,0.6616518883444045,diseased
29.464507394322005,27.96342507500654,35.146974730206345,0.19155485551252904,healthy
29.58614494659736,20.89264103232024,35.462075809256156,8.26858560972753,diseased
27.571297163947264,25.478195127646124,34.41252714886731,5.247356376614322,healthy
32.731549022289514,35.01838941019129,35.40369041186766,7.752440518349493,bleached
29.947665841823575,23.683170372275526,34.485211586753884,2.3442560001151467,healthy
26.617393005594703,3.1547082684798005,35.93235783478408,3.450837455132337,diseased
30.31310721726766,37.376050429265156,34.44558449593455,0.3010387221131894,diseased
27.050636659545358,28.202016539199324,35.56565059085328,9.614923245741121,diseased
30.574169207484903,27.707508659535367,34.95610577947253,6.678679067008134,healthy
31.317191158014808,10.195655791113253,36.68907537615825,9.332050877593062,bleached
27.358635363296578,27.037647868840974,34.92290941461727,2.6549640742907235,healthy
30.926752258488644,16.966847414858023,32.340451297689675,6.114636112256608,healthy
29.825561853872998,26.7468531275767,36.892882251070986,6.784999682926378,healthy
30.64412031998898,6.050535151703647,33.64140154870607,3.1754970025758844,healthy
32.7935859653079,26.99812157491537,34.01935049202677,8.4810923501563,bleached
28.50922376799426,39.97772157928533,34.106508058934764,9.471614629002477,diseased
27.49252767128502,3.832057476701129,37.06165713975623,8.848551176960044,diseased
27.220971140748954,39.13261900041006,31.796488679031956,7.390669759393726,diseased
27.368379430069123,17.462502507469083,39.70662280048999,2.7746467972495403,healthy
28.845796581171793,35.08863111281585,36.584085213599074,2.8161604210563174,healthy
29.682303949633287,31.73064839421439,35.33485837119374,9.633603204460378,diseased
29.55338159866004,23.546617917493375,34.91765899907557,0.10284495935692028,bleached
30.654366498072047,30.061069951550408,35.428331112286486,7.160499732421445,bleached
29.026003783755815,35.38359132945122,35.78168364256901,7.062461625552622,healthy
31.907068154314633,17.357332222739252,35.96782337892508,6.226895409497974,healthy
28.47068633352409,14.42726013940307,35.833406699005174,9.901088460868658,diseased
34.44033833317924,27.36854865141622,35.13437102188287,3.1187943576372525,bleached
30.251334695530012,32.69814579376782,34.70399236953901,3.399718637932482,healthy
27.285684887167434,30.966835121511398,34.77309007451973,0.7893940294655555,healthy
26.858215003877774,32.31691865662811,34.707637579470976,4.4279813654373745,healthy
29.96494483048637,18.552165962891454,36.700655145300594,2.610485262348481,healthy
28.5530744293483,33.07770021465082,35.89033508342129,3.433867021776442,healthy
30.428000988184184,6.567944104083121,30.58941704800358,8.345717902556277,bleached
29.94647524914709,22.69058572251228,35.98385116479464,9.354845135274957,diseased
28.854342174686256,2.2188290989286195,35.292104292078164,1.8573307200518563,healthy
27.30641256386319,14.33426153621027,34.97193686533115,3.7250893155346585,healthy
25.97030555062827,15.92553832511312,34.41722232036667,9.286305621153941,diseased
28.106970095865957,17.054562281151703,36.686169079979024,0.6180846068922263,healthy
30.712797588646943,28.427753854214764,36.421289693184285,0.9236052811137851,healthy
29.42818748826041,16.765207848273135,33.84068349826459,1.6279098920622936,healthy
26.508522442576023,19.050357659656164,35.6105784306868,5.952128341268748,diseased
29.346361851702365,11.026676973224443,33.542514898188074,1.5047227100599747,healthy
29.770634759457675,16.183568081914924,32.9305727528166,9.680763814507335,diseased
27.232285127597734,10.636245835999755,34.05992416311505,4.467145272585204,healthy
29.307450211891055,4.781445103200858,36.29359020857414,5.015179603501664,healthy
29.116417436892,24.93104654849236,36.42968756806413,2.466586158054065,healthy
26.714059404338755,27.39208634509062,35.76962813014594,4.709602524347335,healthy
29.715574720696566,25.54063314836535,36.087643680271995,6.619136326370115,healthy
30.12156905273647,19.61277366442175,35.77426743067244,7.511771369540428,healthy
31.166102486350553,16.431859646810732,34.03777760716557,7.53868082709913,bleached
31.107604104069807,34.80667868372936,35.647883817010914,5.7789111269408835,bleached
26.244661264085817,21.725107835176285,36.200614287841525,9.043597749938572,diseased
27.124349920169756,20.208911349929778,36.13143699472036,8.174078473061094,diseased
30.03007053441732,2.974398500644556,36.78337005721196,7.570481146986254,bleached
30.027571901824416,14.967417449793942,36.0624557708016,0.5560552168046062,healthy
30.030095372612095,16.44743351386257,35.52717231131238,0.06877962219649314,healthy
36.705462981309445,17.15526567408222,36.605225357474644,2.1244727719547294,bleached
30.141781021386333,24.046550030638628,34.96021811112641,6.635235939134523,healthy
31.271131280361196,22.27689677562138,33.67718802315842,4.111974888825458,bleached
30.908003526986406,25.100393526150896,34.755399554084356,4.0240625929931175,healthy
30.302782502611596,31.065563938600874,33.882646032790326,8.845868882296138,bleached
28.369461510719308,32.893458071211555,33.98723258753843,8.955628481318387,diseased
30.517938440986534,29.288676896606788,34.78322199392672,9.091752640535857,bleached
27.454349570924855,38.30990044628752,33.81137011850006,3.138780765150273,healthy
28.526362786519982,2.692838141701742,34.53805770554144,6.910558127392617,healthy
28.02927290434179,9.439563455974753,32.15957799956932,2.7163318127436966,healthy
29.163748278772644,2.287389249169401,35.31994056105941,1.9060983307444979,healthy
33.629317133347016,26.604039137874913,35.00180821304334,1.8463245734736922,bleached
25.265469614816503,36.125160860099506,33.77436705339771,3.4210762086359403,healthy
30.372520380749027,11.252327269899371,35.98886850264861,4.299576197798217,healthy
25.774568257620697,37.22731270225965,36.40635520643984,8.309491710550684,diseased
28.056136268421135,4.290160831003313,32.58866020344654,1.198910934727121,healthy
31.177901193934733,37.50856901860954,33.85591283215068,7.349258473948942,bleached
29.128560038190926,15.361662115106107,33.846286475319054,5.314549141893053,diseased
26.844510444141388,5.853991481070228,33.590145348336705,2.879453426759925,healthy
27.569392581480063,20.463126849080375,36.24421226289762,4.928195845328246,healthy
30.35919549786935,11.757509573379302,34.7092607918408,2.9994206977702262,healthy
27.539266736565725,12.825170274553068,34.603227738034086,5.96081955238306,healthy
29.43291717916395,13.67701866719889,31.99420645338987,4.338439228552442,healthy
29.091143679807626,32.514984117641205,35.95312704531384,1.6440552907887873,healthy
27.696799304788367,22.48812851365967,33.14111240771979,1.1658307455569672,healthy
33.287888178650654,13.829692567928138,35.08989894539949,5.466956820721301,bleached
30.267838044636022,25.1926837658149,35.416065406937285,9.024130332861034,bleached
24.949714826684787,29.213725620481355,37.04098789375798,3.4395768655768553,healthy
29.372908629538856,12.359712027874282,33.03676940132133,7.330001072226232,healthy
27.676427070463223,17.714865857963357,30.470731766268763,6.586613549397669,diseased
30.704866669592448,6.631671546804007,35.27577431713054,9.31554914309481,bleached
27.414958523134597,8.883675282317853,37.70076677226628,8.209810172991409,diseased
28.7705271170662,27.882478450669346,36.858419529409154,5.66605258905463,diseased
30.009974557960913,8.894657212433824,35.31448912291194,6.570304982341073,bleached
30.731510388340244,21.956208579348285,34.26254572155193,8.983864665840349,bleached
26.59940718588845,28.943757945452443,36.21068389495596,3.995187845869348,healthy
28.330997528318104,6.061323077600266,33.5396807004433,3.2679470585777737,healthy
28.050109377678087,23.557864345898334,35.714536654034326,0.10811083635196339,healthy
27.693341534852575,11.749385780651822,35.75820523874994,8.265510741914643,diseased
32.530908480562196,38.59122125902803,36.590314861248316,8.009807004033648,bleached
29.80996342192191,20.374734575357138,39.13949005836662,1.0445451810015138,healthy
26.47823209132991,32.627716891456004,35.58862395076815,5.768573811327002,healthy
30.835723894109552,22.908608601937946,34.23655456143875,4.639816981668874,bleached
33.244312394025265,3.649676248483128,34.961638531712005,1.1870909550911146,bleached
31.064930521102294,26.05975227257285,32.346386142666326,9.805682270607235,bleached
25.961260068091974,38.153327003852965,33.95793030336641,2.1469588746335546,healthy
28.0315318542675,24.861249165560587,34.38607634283034,0.6723418009056115,healthy
31.533822298373245,33.12917665821803,34.213867403098114,5.948473795019096,bleached
27.58466106876244,35.599845607239494,35.22853230805058,7.3886667713303265,healthy
29.887638856292458,10.667031334059434,33.7663701014267,0.32443446047186963,healthy
30.549268106858673,10.057703916512612,36.68154600098671,6.587176387270222,healthy
27.146139056843833,25.217277576337686,35.00031059737729,5.322918759514544,healthy
28.8809492878764,17.61908185265478,34.98604951829208,1.0326500887504841,healthy
22.517465319861856,33.91472950893537,34.50815792523062,1.7252387694636206,healthy
26.95122471733142,36.20087868912442,35.23278602578847,5.679742973160805,healthy
28.49486369721368,15.430012413503288,36.23764739700145,2.9635761351328838,healthy
26.504433636070303,11.001081241030318,33.69930467643365,9.38315728651316,diseased
32.26482260786327,31.65996957926675,34.01282526638712,8.187402294840508,bleached
26.139717244078735,12.442629350829172,34.544410956835,9.835672065136631,diseased
28.119911026606033,33.25934410351978,32.98119361479018,2.5967083895041396,healthy
29.261481154572184,18.102053638652986,33.77111321041775,9.69723632797977,diseased
31.88254657813223,27.366896173075876,34.285668689683014,4.312338697915578,bleached
26.128275697641122,5.63034192571739,36.31158377106909,3.4751879531375462,healthy
31.32632750430992,25.706654337709775,35.39384199350289,0.5034952696935324,bleached
29.020466122039174,19.167171792014706,35.290384867051316,0.5276525785960262,healthy
27.036982697904097,24.291121600668017,36.27634694325196,6.920112559466547,healthy
29.924206948526543,8.38453989430481,34.793942317400905,4.579289944340279,healthy
29.398119391146942,30.00120230787892,35.585697274893334,2.265216260361057,healthy
27.79956624568241,34.786288946642685,34.84516737060125,6.139703063252327,healthy
29.13960416998004,10.236112403449475,35.39804352409944,2.528581182501112,healthy
28.22937280627648,5.637153109766146,34.125862013582626,5.776317543444226,healthy
29.227034690502496,2.898266269760783,31.341774262585357,3.5920874698269034,diseased
30.324261349042093,26.394917016844108,34.798581256720546,8.23552226611819,bleached
32.172033632290706,25.069573371373668,37.13412220414991,8.206961607667793,bleached
26.5243690023463,22.77450168313466,36.389323103362386,4.773503981224013,healthy
33.266066749312536,10.813989652407066,36.448096226886754,3.508191093350156,bleached
25.095824400954996,16.854427844409557,36.85419608270933,3.6255979655909454,healthy
28.696429809928834,24.590100737074575,35.132986386442155,8.05714525668218,diseased
30.176634412969154,20.877140636648438,35.29597356110839,3.28179482797612,diseased
29.561983735470065,39.53584976816572,34.073522156848476,2.09059373706846,diseased
27.75460096035881,7.184710597155859,34.52589071595943,0.8468834187530683,healthy
28.58375549928545,28.415493053808564,35.92365672465671,4.666931208844084,healthy
28.013998130682335,17.3641131879631,36.80582665575322,4.821320989198419,healthy
27.821270486111576,18.271585367173362,34.7908305864785,8.409087104029071,healthy
30.69920419404205,29.2687150950107,34.32471610272288,2.2123869644606398,healthy
29.714030971930093,28.312573750326045,35.0007919382849,3.809912736683999,healthy
27.614180809478693,39.66772776068316,35.90181012339367,8.084057388936909,diseased
30.799199750866503,6.878982999256759,32.83421777579969,8.236236107489734,bleached
29.61459904175322,5.956166676598321,31.555728570294143,3.846110759787682,healthy
30.62572423767792,29.524875050892163,34.174194725762625,4.591240232866809,healthy
30.259257683847224,23.978702846243547,33.16893136112876,3.0328589084928295,bleached
27.342009978155854,12.418105329272622,34.23778970352903,9.32554878419312,diseased
27.87963791960606,5.017936021581491,34.77832952177379,1.186437657415803,healthy
30.494587210246525,5.25501348466436,34.32012738646548,9.3374942300147,diseased
30.22074053086693,35.97925323723649,37.17870130170612,6.838664518353433,healthy
28.958196812071705,9.29095833931223,35.49011714690348,5.315721526867312,healthy
29.234654766617563,14.28811936038979,35.45071153941624,0.32659060784495875,healthy
31.55532979157685,10.612943284625544,35.9333107160651,4.755961918220083,bleached
27.81685722232834,15.489859621613618,33.29175032332885,4.077481050027323,healthy
30.094194762340077,4.638106024351548,36.5586676811304,1.6121881197512256,healthy
28.595614695132213,21.724272054514273,34.88635357019681,6.564096035006569,healthy
28.56463759354556,4.569277416504166,36.005720925861816,9.711509073682858,diseased
31.19755370397438,32.413547297249735,33.39221415043977,5.621888110645251,bleached
30.65083269797606,10.881059112596455,32.6693618509759,7.147532764439458,bleached
30.627019272001277,22.5204527549714,36.22683448703754,0.6845045256601678,healthy
31.61095761430866,35.44300532733541,35.56461428914628,4.176669958169947,healthy
29.042007683265517,26.733340023793378,33.64692266846374,1.1635848516449587,healthy
30.363905942589927,22.25239588895074,33.69550537808796,6.127958355365104,healthy
28.379466486813087,14.324682618384273,36.688152176622154,9.384821582141546,diseased
29.648332704976884,14.654072696211522,33.21588216069901,6.617777324716386,healthy
28.739713891264632,27.440504297531223,37.464009429883944,0.7680304831442153,healthy
29.193991929985437,39.77729572640437,33.6490688980282,3.5466620498508283,healthy
30.190314050873827,27.14988921427639,35.957587888412576,5.506633794408515,healthy
27.363558633533057,23.195769860060945,34.50707228637652,4.032077561332522,healthy
33.18477455137092,29.76471938909135,35.90478114662351,8.336440104751723,bleached
26.987965237000594,19.67781326678129,34.18382899682871,8.146710047099893,diseased
26.571622774424537,4.285409018829839,34.75581064089156,6.118310201032214,healthy
31.316221747000135,23.367279003360572,35.06137876309358,3.7345794513270523,bleached
30.58332538792587,38.38976081120445,33.49671881632779,2.5533637376324414,healthy
30.24823963410431,8.661511809591065,36.11123651813019,1.0587431821312931,healthy
30.25669101852856,28.2201858511853,34.23017965029262,3.5489768348655404,healthy
28.97550645430617,9.635480169044147,34.657100126989974,4.1317251720771955,healthy
27.20549125702834,22.36145200997709,33.50847593808723,6.758229251040736,diseased
29.15160911638745,5.673705086575346,31.156499511807034,6.581598242975735,diseased
27.645676576975777,19.114095577811035,34.71345835609975,0.7010813964125695,healthy
30.9502394668355,30.73420649801935,38.618923132419376,3.952593154311578,healthy
28.705885236995723,15.207717921081318,36.17690643184704,1.8177886721736192,healthy
27.349005606414977,27.266645530514285,34.97110943039841,1.568127053168057,healthy
28.357228316694012,32.22709851000971,34.605663756187596,8.27302149737246,diseased
29.825862908551247,37.2327571402192,35.03369883921807,0.4191521671625753,healthy
27.87255089439205,10.916399110507236,35.82067867276282,4.191828759021213,healthy
27.355559208867138,17.174004800753707,33.22878077703673,1.682036557665182,healthy
29.487374422983823,7.791808506555863,36.67148254200331,8.79330215678474,diseased
29.489933142217446,39.714373082018255,36.073071973161866,5.570405132750351,healthy
27.98611364925774,37.22603678112322,36.0772785885619,2.3138063637684803,healthy
28.057923388763353,22.518370950661264,35.65771360821459,5.024272871663764,healthy
29.464099874715274,33.997265186304006,35.02942498654099,7.314863597031158,healthy
26.10383131700535,21.796403136337602,36.00929185395023,9.581180089194337,diseased
26.18507245124689,25.69625614410487,35.88772120061207,2.2044600424541896,healthy
27.563111557495127,5.386728420408631,34.46893893358846,8.861817721293452,diseased
28.573105696576306,30.7002759788787,34.139597340654646,9.343041141674902,bleached
29.62181513119601,6.853112378138923,35.15278444289298,9.164205445320663,diseased
31.950712433899103,33.39056994959608,37.323530227242784,6.354143568619098,bleached
30.71531924640404,31.717067331474663,33.14133938651915,6.298206544347077,healthy
28.680122940073147,28.932298514233104,32.798712101371336,4.032106331838228,healthy
28.96196758419462,3.3740944599409604,35.24714126185477,7.523978823037879,healthy
26.994941270724382,13.518877525922488,35.076331552784026,5.312940183509319,healthy
28.96297372801522,11.998277656612029,35.26001249655561,6.7743807122829445,healthy
28.422682722159724,15.685183483917726,35.36592979686275,4.284579038487955,healthy
29.645437120676178,5.330424377025865,34.665196618047794,7.31496464043139,healthy
27.345538112895355,37.60439727518039,37.23479515790312,8.24471517604549,diseased
30.038693028482346,23.044485147070297,32.59864403228523,1.4643625660281612,healthy
32.06547782600516,13.609923805004895,33.75725446282963,8.32929715574228,bleached
28.782479703086285,17.08529764882277,34.84511785977643,5.402965317903073,healthy
29.803423444197882,18.993696539183755,32.53521678326875,8.446659090902243,diseased
30.380287983422225,24.822584667703456,34.73621839335189,4.313017063410146,healthy
28.19755905622833,21.595818252466916,37.49220524859203,3.79040485383035,healthy
29.448184963620832,36.93689498214786,35.03132973244394,9.150607325172224,diseased
29.02518480156359,20.88461235042155,35.34605135857802,2.5116926754840128,healthy
29.195352197097662,39.70200456328588,33.10975285224113,8.442123252861432,diseased
27.453980432289068,34.35414839431364,34.075457887940786,4.840205725094041,diseased
29.049020348517885,9.92339954557876,34.437205429514094,5.140954425512597,healthy
29.9959965824909,37.36261815646882,34.523427354865646,3.0846828148948404,healthy
31.902287215590082,6.421923119648092,36.922465692505654,5.730422006190157,bleached
30.918541652170415,33.06308892266528,35.836536591087686,3.252111962762113,healthy
33.30636491502311,16.463685152110045,33.332813064594454,0.3926941424165231,bleached
27.4653048742239,35.36302417691264,35.369757167648004,2.7199860534435603,healthy
30.744641273441356,34.986154224083116,35.747332622745176,0.06379043406590679,healthy
29.366684011476703,32.6251652044696,36.7102235577819,9.783547870568567,diseased
33.37960586643534,32.02115657966833,37.37081102985256,9.657472098197475,bleached
27.383403429289697,13.57780728572555,33.477358712258194,3.9515529747230502,diseased
27.32055631563845,5.074932755947582,33.78371373318449,7.28370854339646,healthy
27.801214709111957,17.313246793076136,33.11363321162808,3.45806098410425,diseased
24.752208551380384,8.59393156948733,34.64897021133953,6.710931570859761,healthy
27.94848995663848,28.408141378293546,35.6995375616695,8.05430043045979,diseased
27.481734676892604,15.15178960843585,36.48100177488365,9.467562446922408,diseased
29.300787572952416,39.07318763267676,34.88607346453622,4.00212275849672,healthy
29.68351195155432,26.356938939122617,34.52022871511773,7.832979829560477,healthy
32.752341678431776,33.25426141810571,35.22763698837311,2.659284506321188,bleached
30.900847676372102,7.03593756419024,33.74728564755497,9.903323037936483,bleached
27.846192688675195,34.75655032635966,38.13430808254216,0.2576959876435114,healthy
27.203170657303286,37.06477323950899,32.58850845932291,6.035288065011209,healthy
29.983838343013012,20.508352915119563,35.277110868343584,6.595059816513271,healthy
26.359533585958715,25.037611634537143,38.03540932884446,6.880455570741288,bleached
32.66291753170871,31.06277243431383,35.010199766839996,1.2038757878908901,bleached
31.358880241442574,8.643867835895676,34.71494144749776,9.385297834731304,bleached
28.06164869579059,21.09751090561081,34.46383186578436,1.811832790500828,healthy
25.573730941818244,17.149195055347896,34.72941247735639,6.2275340323984105,healthy
31.707744748330825,7.562211702165467,37.059272712014796,2.2267607912308494,bleached
28.770920309494763,15.966308047078195,31.68220713300574,3.0721641702127087,healthy
31.47563262394692,4.590547756648755,37.30015055194449,5.464585417281244,bleached
25.811144682411268,2.980852464080505,32.86406427132478,4.171934185645765,healthy
27.801249954092455,7.136318987883265,34.60002150614838,1.6022560097650629,healthy
29.010487399436368,38.59837424038861,34.356133369552005,1.7093640242084829,healthy
29.093961187529484,22.882122364010645,35.88282990465608,4.181447881627997,healthy
28.099869057041513,38.70124212382236,32.602813472174375,7.572829782755007,healthy
30.245699864695,18.434919376545015,35.69325899912292,8.979646468477885,bleached
26.86475914123481,13.849013057239864,38.03646443493028,0.8412766225938284,healthy
28.71524102995741,21.233390787929274,32.95523899311078,3.9310390755940103,healthy
29.2405912634238,18.701444168050585,35.284559251415594,1.0024556372287663,healthy
30.0288776681175,6.015258001946268,34.00702673330509,0.16592480632597884,healthy
30.42322975617778,26.351399958227837,35.63883080928955,6.617186826439566,healthy
26.750715816324263,10.209450935364785,35.02872166612363,6.024494419665878,healthy
25.931771658528756,25.544342286117523,34.03776963643354,1.630191138148862,healthy
31.55535364379702,26.70764151112983,35.73180842730661,2.3381283309306413,bleached
29.66462802395918,7.776944418888628,37.706522164680116,0.2370775364451838,healthy
27.503026926886893,4.33128583020539,34.71364431240905,8.349472056944037,diseased
32.102303951045045,31.668940270600714,36.079636913222274,9.746905960485515,bleached
29.231349268585717,19.472416103234167,33.060090563193256,1.354595367946908,healthy
31.358594368127655,4.21022422920808,33.565345434772986,2.314752137652981,bleached
29.13503696282022,39.80492005245115,35.708609416820565,8.68409523946934,bleached
33.121495849763974,4.195661317861932,37.22617404280395,9.264637979561849,bleached
32.51068168488641,28.41133869662502,35.53342002317849,4.196273828068104,bleached
28.502071703041853,39.37979916000972,34.530412954215265,0.5062247226907413,healthy
30.94314190190871,11.088843960205173,34.99893710813503,0.393918336928194,healthy
30.290751899170296,7.405476010113455,33.12438839904542,5.739498660690105,healthy
31.737263115064696,6.612627698052298,35.90677298953305,3.9289510889317905,bleached
27.07015307883979,13.524455607568632,36.32349959348512,0.28652427577654516,healthy
30.372102919996877,5.839740818404574,34.32186450075038,5.832523923125567,healthy
31.116848973699177,28.302130984377012,34.29493677836075,0.11302536589022472,bleached
25.482521027153773,4.3670883289423825,35.398817344478076,7.87371958149273,healthy
26.63348297466845,21.358040869692008,34.344920395939106,3.064328227033716,healthy
24.9215356444798,39.874480446413116,34.900801078061264,0.402580030092321,healthy
28.461186331110884,32.93087024122872,38.14958268374977,5.883522209831533,healthy
30.435084511591924,25.378338652778414,34.629461448881,3.976844144330547,healthy
32.004714104192054,13.637637589891243,34.462489771968166,9.738004133571495,bleached
29.14818956083955,25.70804177908226,34.028687291547264,5.441986625037022,healthy
32.257231091142586,22.02757562864276,36.1162879572499,2.752391810370083,bleached
26.239797083570217,18.191168587834117,34.728163740172846,7.094388646339747,healthy
25.59323512128969,6.96699431612758,34.025940442517864,2.714920025427113,healthy
28.88890460220676,35.69096017913773,36.981956048409515,9.04243291407565,diseased
29.768130897878613,19.091816655210256,37.129404506770456,3.747219705073764,healthy
28.934610503811815,9.395655449189071,34.099364651391944,5.498685627762052,healthy
24.865115799920247,15.974855333337006,32.200190072959074,0.5057310382422886,healthy
28.821759920974422,17.736930596099228,36.51127053475538,4.261212379522307,healthy
26.391060998990294,33.44644003154122,33.973055261359995,8.32363539660995,diseased
30.339345097660075,29.87734646133328,36.185938398744156,8.05648805363342,bleached
29.733196492193695,31.233585958370913,32.04484427343225,2.2431855885352627,healthy
27.12024042734529,2.419188048288594,36.338896007448966,2.260790710105627,healthy
27.972266165326612,17.813851930830936,33.18324210607883,8.173053122132368,diseased
26.881572956222097,20.291077762142297,36.09614617859979,9.303984201693256,bleached
28.874641805453656,2.729306519276154,35.02140960175465,0.9536092127300355,healthy
30.910284641002477,11.8729019323113,33.56909087090503,4.500586394262252,healthy
27.028547907328914,30.89101327864113,34.38944553060983,3.3745427896422897,healthy
30.00809303103569,7.210168817701964,36.029477685435054,8.706884554574394,bleached
27.93948476325512,22.341784995198484,35.158841679672854,0.8352491468001877,healthy
27.414254335475313,10.177671136655025,35.876619470708725,2.111259425580374,healthy
28.785939280090883,2.460589436467944,37.96466087677323,7.524683375864943,healthy
26.92951535516125,11.165655388782577,32.653637582433426,0.5129384898121558,healthy
27.892701389305635,39.08320268658204,37.425818862452935,4.925353807142892,healthy
26.6042442148223,32.4584102515536,35.15653390628482,4.4210703467972,healthy
32.92945026583278,38.46391248419927,33.65182392751531,3.3440117898874866,bleached
29.07052710394346,20.538453669201772,33.004529561391514,3.945723153189238,healthy
27.60054898401483,6.169975549745133,34.71631941383445,5.29940586930233,healthy
29.427959821468445,22.822460581000332,36.38247516788669,1.6136735838838312,healthy
28.775343900618342,19.266338713278515,34.8086763194337,5.719958782835928,bleached
28.558060800933553,34.085569144105406,37.26673239537102,8.054323292999863,diseased
30.22833340008685,5.727138069801295,32.82323646492266,7.60160929790159,bleached
30.51501542009461,20.55316320682757,34.98186657823092,1.5389990469377368,healthy
27.938997704778945,7.701849258371402,33.12140983338032,1.492494697414739,diseased
27.84836351871064,14.337685221822278,35.54544782393745,2.6817436774491332,healthy
28.44989660569671,30.019568940736388,36.33033108514595,3.610747263410372,healthy
24.39615767052883,20.08868891601313,34.36885730947842,4.084555814084826,healthy
25.969617875602896,16.283754835539234,31.0936792150593,6.796972168333452,diseased
31.73374853488905,16.990098585661343,35.298422220194745,0.566804321658354,bleached
32.28993542700257,19.458977199427494,35.65510782760026,0.34672704226066386,bleached
28.501927920887244,31.830628665808163,35.606442132442545,3.9191056294390902,healthy
30.153113926111534,35.899218179728905,36.85367328773323,6.971636921379805,healthy
29.622500309087073,38.30271808714927,33.393419480526426,1.9343534295648257,healthy
35.15776161691048,31.902328677701213,36.020324158175676,6.415044812562517,bleached
31.23914982286915,13.985462038424483,36.78876126871696,2.5982813794029944,bleached
28.744164817038467,28.1491188312886,32.332118623990226,8.860861088135163,diseased
27.088919118799147,18.62891871410489,35.479477738878465,8.956899442666165,diseased
25.787107359484857,11.677483637749944,34.24373025348849,2.9728720428132647,healthy
29.406927271734446,33.95312001818506,34.87771599034753,2.2999375396324053,healthy
27.487298509431394,3.4602012605683496,35.521514725307505,4.113039720662313,healthy
26.15549258080465,36.266955701146095,34.269157153829674,2.405315851801487,healthy
27.706854231514946,19.5361436557399,33.98643788125758,6.723838432917036,healthy
26.83690399277121,26.213656118714656,35.05122862623204,8.260646845482855,diseased
32.37428327014513,27.055449043819742,33.369131091705796,6.73092130911217,bleached
30.7632795138989,36.014474146848386,33.37126230667222,8.243504472493495,bleached
28.984054717366764,26.19344792235388,36.01905992443476,3.9699216220747413,healthy
31.959888277780053,25.32947622088235,33.27680894726202,1.5631697070886086,bleached
29.154736615295235,4.532777541306219,35.99946875136382,7.379509473975921,healthy
27.277431597343472,21.699504833917754,35.69388693928093,3.604745051415539,healthy
32.04624815453931,7.706422031047583,32.411289906814105,6.712708252291325,bleached
30.077820087369318,30.022483211416453,33.983653021496515,2.7064394198176567,healthy
26.925507691347086,21.46443299088163,36.79116410457106,0.8122963480667267,bleached
28.619322643832785,27.848655609917426,33.52825170329048,9.925817954877633,diseased
27.248763493230484,3.583570222890602,34.30339360653592,1.5620150793059928,healthy
26.234400538071327,5.222096609740523,35.693091339877846,9.884209939634811,diseased
30.85235509506328,29.220288746381925,36.175085763923896,9.772799325664472,bleached
32.81883328094026,4.7392047679495874,34.62269167093326,7.938181039080396,bleached
26.202864852361717,4.7077556550798265,34.10373470796254,6.594229620819975,healthy
30.12593847338114,2.460122058925723,37.13355479254776,5.778070502510847,healthy
27.698714861756347,38.34705313538024,37.608349495696366,8.661015453778347,healthy
28.02574923247061,30.025317659442265,36.46828707617269,2.894395216194879,healthy
27.81521215152226,15.423553523078438,35.12797721384754,4.67681212484877,healthy
27.272018460640368,13.268352088930898,33.78760141753861,6.193899693665019,healthy
29.097043255889655,15.288722730342283,33.75433339016515,4.1119047586949105,healthy
27.338099767177923,31.436834184884912,35.783771157898634,4.27486454090268,healthy
29.540913651559677,27.132083220675746,35.62759733133303,3.3028466750208443,healthy
28.899523781101728,9.037431578963782,37.10239788941964,5.64231816684536,healthy
28.52210390626718,8.616154742695205,35.975675138804206,8.50574528015116,diseased
27.184872675916804,5.739034689109098,32.74537954736027,2.0152837800631285,healthy
27.846457338863335,27.09150334865085,36.577921426584375,9.344330387534415,diseased
30.51078245165151,31.046161164425968,33.50290905902838,6.8908765374822964,healthy
30.001834375248762,12.071764276350153,34.42404309207147,8.232732126800302,bleached
27.044889510402896,2.795908519174687,35.37530030937754,5.561906926300116,healthy
29.19866461085845,5.122523364104239,37.993501234675946,7.795167014240635,healthy
30.502774246743577,38.778681324111155,39.66487783400804,0.1620039733946721,diseased
25.66118943775726,13.22690154414197,35.91008458870427,8.183804247795353,diseased
30.08672038475987,31.230479617849078,34.72520507191942,0.4013885908536652,healthy
27.674752482108307,25.737215616462024,35.80175847272083,8.899133763628624,diseased
30.14119733718632,16.513706306810043,36.33148313881075,9.919627472386432,diseased
27.473481686914965,9.816115963431095,34.51899856166421,2.940674621767778,healthy
25.39023579867096,6.612683890057444,37.69281703386849,2.1031855628579366,diseased
25.744915124233675,25.37049278547693,35.3451061387871,7.653633638580407,healthy
29.096169893322763,31.436083664235944,35.746614633637094,2.530263409202532,healthy
29.519445003442964,26.468361634562967,35.99888637808169,8.655623831722036,diseased
27.191366749791182,22.151481063468015,35.63237991592168,1.028425921574767,healthy
30.27718491755475,3.594146490402178,36.25841075070442,1.2595519637935826,healthy
25.67695987546208,38.80257354858659,34.074120220179616,9.791515551006157,diseased
28.867840402705365,32.35113928287383,34.162547369080954,6.738388982700046,healthy
26.577967600475088,13.12723739463666,33.34976865054246,8.468872244289528,diseased
27.69632778439568,39.238872515636324,35.65925184593034,3.2432937735151803,healthy
29.094797342632827,24.87150040618024,36.16840475526817,6.764837495206044,healthy
27.279173269432096,24.132061011875365,35.68665929922783,5.942418273085972,healthy
28.23088891154035,30.42678081832222,37.51173865002131,6.03150120122947,healthy
31.01258561842888,32.84725194742523,34.99160597175643,6.825324595377216,bleached
27.846216260953703,26.946187078597102,36.00311248338877,5.753591731290985,healthy
30.671384224130282,6.867638361915601,33.36244868579103,4.290623693026659,healthy
26.740586290684764,14.85416522779094,34.4193504462884,2.7592269438054684,healthy
30.059608355830566,37.26717833238989,36.04330663634867,7.68581330913202,bleached
31.8831372413158,10.535393250066374,36.27365316611471,2.262724300031862,bleached
24.05671099974542,16.142346905825505,34.559049578503725,6.923543061544142,healthy
27.406209489059048,18.418921551879446,34.8926011222129,2.3333282264932667,healthy
30.15414425436108,18.697389608389184,32.723189379978784,6.253301699544539,healthy
28.593909227914015,25.29170413479197,34.46445619879009,7.470782671290289,healthy
29.742291746742616,37.836881834298886,36.33557474527968,2.187138889065392,healthy
27.792029626568358,11.146323049635189,35.86280752415985,0.5994330086130828,healthy
29.1731795749458,6.617052299434887,35.750998582071816,1.3097374299417408,healthy
28.68864552921584,9.503878614677618,35.07466053077144,6.059969672710254,bleached
31.335564123319614,35.703146207952244,35.01059473794226,8.494464062257356,bleached
29.508841686602427,26.54081088089783,34.00951829078983,0.44996821235424367,healthy
29.675205324150404,12.864457991088084,36.048242630303804,7.341512590416462,healthy
28.176246067755066,33.00598368080746,35.631459416584086,3.4131864595005212,healthy
28.024787551855013,34.73205986181057,35.7380282719892,4.785283699195225,healthy
28.134883624360757,34.167544870230564,34.21094773599863,9.288595498455656,diseased
29.788904284756594,36.91920827830307,31.769985620193133,3.3197150473584545,healthy
28.158031038359475,11.58515876658774,36.64572906763054,4.65336933939486,healthy
29.579549713792826,30.691593292358576,34.2817438159874,0.13682414760681105,healthy
33.15080159729088,19.50050089641732,33.70583635393532,0.8159872000483837,bleached
30.742249406863383,33.995945009822336,36.04021836787099,2.5859159113478403,healthy
28.347952935664317,29.682645732141303,34.411981040121304,0.27852240821074403,healthy
31.40242784432789,31.505002966989537,36.589904576069934,6.3137532604825095,bleached
28.183849253956897,26.934149831880717,35.92550892436505,4.263983568016226,healthy
24.923750929644292,8.74229323984886,36.02535398480072,5.48145202728022,healthy
26.98382737816519,22.711022918083657,32.9510664331992,1.7464718589632955,healthy
25.25841615794829,39.41745010193131,36.8179159780796,2.959320294366161,healthy
28.296973031917382,37.62074652689052,35.39187579685078,6.638244748527251,healthy
29.036836758379103,3.6406019602864435,34.446084291130695,9.653027236303998,diseased
32.352874624550566,8.26296299771861,35.21508270101338,0.504167736022092,bleached
29.653854747528325,7.005693391273352,32.33564715065252,8.903843208552662,diseased
28.56179894238227,29.587236579441228,35.612979217221,5.768812013112084,healthy
30.658811162366977,33.07584253456391,33.45594273772689,5.639195667556237,healthy
24.57772938198423,10.113431919805533,32.9709945712347,5.002785352077604,healthy
29.47122911621713,21.2224023321695,32.71646122067316,0.6939408590418339,healthy
30.541730387773935,33.946715064425604,36.66903256248489,0.8987685173616067,healthy
26.04282750844032,29.846458701117523,34.056104909460814,6.009120056590861,healthy
31.287508086413858,22.605013808690234,37.30059156487475,3.409585714355583,bleached
29.67699281498883,24.43321223743337,34.19629780542155,9.172680665776806,bleached
28.169424172198397,21.31770078281864,32.43896306361058,4.065905373594722,healthy
30.26556373221257,13.306841150115181,33.32521334007701,1.4328145870264108,healthy
33.54138571560879,23.470835728642612,36.853717430010406,7.14718833502036,bleached
29.36373251011699,28.177641477903446,34.766152733095,2.9335342144100984,healthy
29.496441172600672,35.186270802710695,34.1775690552641,5.2547030735589315,healthy
28.081278200919513,26.179071451211428,35.24002733877918,6.978327855051701,healthy
27.300311261070416,30.922618407640005,35.75267410425132,9.002641112020704,diseased
30.66067163308849,8.082722128273774,36.67609822385369,7.921911948016761,bleached
27.287832348182267,19.539184027952015,37.17274884483939,6.763610678727241,healthy
29.143132474438787,2.3546015534295455,34.460347031316374,6.796331823951435,healthy
28.044685106469768,11.373796851821675,33.01092847087694,9.459246440320864,diseased
29.957959651492782,29.605545174294186,34.37980225831509,2.9582409749653604,healthy
29.667324210573895,39.68877815127581,35.39042075987433,0.011120941961874076,healthy
31.0750798885158,5.768767784314204,33.55436161068408,2.719545593981987,bleached
27.979967202290506,17.256784002728953,33.564273627657435,2.17891379626744,healthy
28.460250129413257,32.40269681056806,35.51568182232483,6.618345851139981,healthy
27.042472568435386,9.753354115898155,34.92702147264432,6.337115997655291,healthy
28.111413479847776,23.093228073486877,35.04919549311738,5.934613827047238,healthy
29.754600986089706,29.856709249127643,33.8622569979499,0.162434432094537,healthy
30.513977233290703,25.407447109886803,34.65439892869135,7.287780544506475,bleached
27.15566935164475,9.144939915385812,33.61365028359754,3.235304124854915,healthy
30.739211840211322,15.504613610058097,36.33529761668718,6.650559890066311,healthy
31.7112757176099,31.784087810445094,36.55287400208563,5.565784285021533,bleached
29.8268698064474,23.060607537016633,32.23071820664286,3.4273092542790717,healthy
32.75359162511613,2.1987253146306838,33.60573370971139,1.3457626710410775,bleached
27.452421601792853,30.917648881067567,32.75520611736488,0.9441889766048095,healthy
26.510690593377166,3.3418314877290847,34.02496409838965,8.315183331122235,diseased
25.442559502191443,30.337883743786822,34.874843045314456,9.18397542081558,diseased
31.992088622978365,9.694261286279023,32.825532170452206,6.497880467642996,bleached
30.308731312708115,38.40679224453645,33.61721028031203,1.0343411486048337,healthy
28.88883065817909,15.98174854947921,33.494063941877755,4.020272168882407,healthy
29.559937252639642,14.423401420847005,35.31090099409842,7.2893920010515725,healthy
26.749021905403247,7.6577459126328975,35.10401650555438,7.798208840100681,healthy
33.89150395923365,13.612960188628165,33.91739366999412,1.182186222910886,bleached
29.258442363950454,35.31272894947162,35.265231308209096,0.0003071884538241587,healthy
29.218789589209784,39.8607048298354,34.1799798731191,7.12137045880605,healthy
30.451533247797386,15.995762159260236,34.59251733451092,3.5659617598620565,healthy
29.962018463473427,19.047203976272616,37.5101781354478,2.5448133161826023,healthy
29.447768048558263,29.43869565170401,37.01069157768552,0.1289746978952544,healthy
27.419051089109377,35.67543965767283,33.0506281446086,5.402994067614997,healthy
29.94293671427199,24.535684699097796,36.244598626818764,8.511507354259818,diseased
32.764048992950066,16.877976530757515,36.21709483173739,9.57631646272588,bleached
31.690840092309955,17.6796299522477,33.277605066871075,5.657449506132892,bleached
32.186373253278795,28.43348956687866,36.22816646563229,5.144613277398942,bleached
27.97756864713763,2.1222940169625897,37.30689787761883,0.850563854892411,healthy
27.020790359482838,25.544394823473947,33.31618279063338,5.488728015425997,healthy
28.748426159800704,15.508734396771581,33.62374576847861,3.7997907896539465,healthy
29.111449824577388,32.1794985885292,36.52649220026525,6.071352808835769,healthy
31.188383036941897,5.533644313279022,35.40724296623847,3.887263478765467,bleached
25.61507074057036,24.35168614403884,35.827214412859284,2.4029912345036673,healthy
32.05910063892123,20.276969815672704,35.51088382460075,0.949652752283765,diseased
28.683984202842023,26.40836998439864,35.586043881392214,3.1491844458889573,healthy
28.14623786010516,4.464436590352797,33.01029180753338,0.9664483428775228,healthy
26.975791249479666,24.03938392226899,36.57097655993217,1.7689695082398393,healthy
25.690286656268462,23.3364143424619,36.75438498864166,9.87336158579546,diseased
30.64634116792383,23.305083587814494,34.65591388389796,4.4410355690661865,healthy
29.146635934376807,24.932531330665284,34.93478457527921,5.3187176650501655,healthy
26.420078200517892,27.705781614601765,32.703338746166416,8.736185287372153,healthy
26.409842455872766,32.58958198786925,35.77138213402675,9.955689004906878,diseased
28.328430601419743,12.253187364872145,35.85808616257122,5.8271444934468155,healthy
32.33804305057878,33.35187758684236,34.90671347450103,8.124738210441716,bleached
28.48081729727279,20.93371592601124,36.68653003980575,3.2694102433667527,healthy
25.99371409376379,4.928214607104584,34.49888415353009,3.057439574472911,healthy
28.50851387182811,4.22493531127121,35.8469088888404,4.027037209945602,healthy
28.45455286050466,14.70105611045031,33.47050349196183,6.725072626736491,bleached
23.606226714116858,31.826085130235768,34.96467177368864,6.821916892550988,healthy
28.891410266964375,28.891875520154798,34.73846861314575,3.152394346494508,healthy
28.538130939582643,31.967368657551443,35.33796188306141,1.3320992413662869,healthy
30.392412729626837,21.656224144781156,34.445709606749965,6.323962564655085,healthy
32.69791218989069,18.72756192230864,34.8027911064925,1.2832586218876452,bleached
31.253130059095515,7.60319601483879,36.23907075716226,5.7849250822933005,bleached
28.46222261889034,14.471324637153838,34.344853644142674,6.93422128056309,healthy
26.78694818251666,18.49273591460726,32.59013434889198,7.006114963944516,healthy
34.14671960649972,5.366816327825455,37.624375856308134,7.534721106595967,bleached
29.118436868028976,10.383254203026027,37.07218111803573,8.728594215656646,diseased
29.027858583825893,24.732561174422074,33.06160595734157,4.999589919647884,healthy
28.951749825779995,29.955198341089215,36.034561707867795,7.302491895295712,healthy
29.39616952153571,39.93720543293209,34.245537844172986,6.191727353658367,healthy
28.711279176152114,37.45830659105519,35.39523082299659,1.8663993979768256,healthy
27.85267598623953,26.417477582337277,35.44133619352024,0.2568964486940817,healthy
27.906282117519215,18.007426025174738,34.648388299525514,2.845413856769338,bleached
28.934493459568003,26.174739858912844,33.824351501620406,4.430337063376194,healthy
27.91315045773247,31.854761487048815,33.96418842152561,6.171059444286563,healthy
27.574308434645673,6.496775255088718,33.62571212677813,8.499593305032054,diseased
29.212860455383794,17.57638580845895,33.752266687654334,1.9624571670616564,healthy
28.49004556515829,33.91248685415346,34.89923256492597,1.255497898984771,bleached
32.007985977165376,16.58565217345567,33.926360016333874,9.634799474743275,bleached
23.698060383213978,23.73114630663309,36.02307809856893,1.0804455937640711,healthy
31.183013703844924,24.33523571276353,37.230869233003894,4.784910701071892,bleached
31.49217038499526,9.010097619078294,34.129920137944936,5.8556372879330185,bleached
24.8532195351837,15.764946782786959,35.359106750803065,5.413744209074382,healthy
28.314624811839302,14.71142897219342,35.7495276654544,0.860321570329432,healthy
28.257118268008416,2.9954749242184624,35.708003406378914,0.5702691400361937,healthy
26.18497661056436,2.9192870278714995,35.11393290187413,1.0548342746103567,healthy
27.44436662481825,33.60448765967939,36.11402362753958,5.855876838726125,healthy
26.778848309068344,12.376690778966871,35.72337342902099,5.443448876343211,healthy
32.504540886847245,21.686993117074987,33.14350636650905,2.3374079203674425,bleached
30.87135678629492,13.351571796373376,36.30373409658391,6.377741418455916,healthy
31.54311018998832,37.74581131438294,36.33093625590011,8.200675020556494,bleached
30.44334412808647,11.853276836899402,33.85507084373213,0.41578959846593766,healthy
26.74189645756554,18.326958884079534,35.056906753171404,4.981299435480424,healthy
27.950959467440452,35.16374951841487,36.024993489216605,6.893104121026903,healthy
29.978749122455834,33.99347553808873,34.68602927063096,2.5231192706968706,healthy
26.55574438221611,9.071853878158539,36.60946707164902,3.0777090529314908,healthy
30.425996860344775,32.500445772237,38.545808741929044,6.136379029893838,healthy
28.51934920368373,19.41110169603992,33.82102095104753,8.979352934437369,diseased
28.250358384900807,20.3528171392435,32.92843309526934,8.099244203028993,diseased
30.421919936406983,7.072238951805864,35.455727893407314,5.831302190995835,healthy
29.88852662297208,5.062857522770737,36.082343757689216,7.3022171775724924,healthy
28.27806766836184,29.661693665003078,34.65370043923285,3.6482247020779868,healthy
31.318659606728495,20.865523789501392,37.17989099498155,6.409655280987577,bleached
26.837873344800204,18.600326699376822,32.992091300415126,4.6618159112755695,healthy
30.231871213888528,29.721312688791077,36.03937793454742,1.8993613645756091,healthy
30.186202515936767,31.08949016166217,34.09120876886166,7.017382738772572,bleached
28.38090712137202,8.038510371435436,37.57906685931094,5.56464637348822,healthy
29.652266044484236,25.18855568015037,37.98877302975218,3.586215819535914,healthy
26.497772847229395,7.14345512655205,33.850015118324976,9.113391900786308,diseased
30.848054038413803,30.552253269103737,34.17566429613713,0.20934117826733267,healthy
28.63019572711402,26.964295938151302,36.2893818304697,3.1577315124949603,healthy
27.95455395896192,38.351355601171406,34.419304025315725,0.5688139777764656,healthy
31.098018451673777,4.620404621544004,34.931883173101646,7.6652731622162715,bleached
27.591312618914483,4.168079403747664,35.03808263081361,7.021074541137926,healthy
26.18307740727288,12.723108838341606,32.120490265703516,3.31352218736317,healthy
25.886741652952193,11.944815981964426,34.97924338085864,6.75662902207073,healthy
30.212019902691278,11.385194364735993,33.96540833890374,3.9593722619594987,healthy
26.439141295007435,36.43767405979939,34.26031576640034,7.562537914224343,healthy
32.50958836396873,11.482755594281231,37.165448005203224,4.5418366273670605,bleached
24.836141184232556,12.334089592887977,33.11523965858112,4.122797278316655,healthy
32.39291273658008,30.85713397188262,36.21980778012197,9.347299154883009,bleached
29.422034934405236,19.09011401312052,34.581555604502284,2.5087909989070023,healthy
28.806573776259214,31.515001164296887,34.580359747256246,1.2044733999656543,bleached
27.9101618263821,4.483913987446639,36.185557844077564,5.845431132594582,healthy
29.798272228704143,20.527705359588605,35.510076941853335,9.693218122841788,diseased
28.924730595150304,3.2773168069647403,35.8559194958293,3.7783921372718665,healthy
31.206603764033044,4.380821731303472,36.45227699079929,0.6203676362878152,bleached
29.22845529732408,36.44462322708762,34.50303742522502,3.3930526730956743,healthy
29.300603522923755,7.291324102468616,34.08164489823837,5.059316543195584,healthy
28.27277557557229,22.23198592645825,33.372274210163305,1.619230066322137,healthy
28.886108752557867,17.62163289882685,33.76188420503157,6.58102218056492,healthy
29.615603537784118,15.199046397836021,39.42364163796309,9.977493890102005,diseased
25.57966321468675,36.19366713611635,36.86701937110518,4.517394759814438,healthy
26.303629155788574,2.829289077468601,32.97338845068797,3.5472855673021266,healthy
30.48652818804543,27.224008074672387,33.01631306488464,4.007041668344666,healthy
29.341730876255884,38.60898850011492,35.72279909257774,1.1514617839520114,healthy
28.632033327294643,23.286390971549995,35.82089719606695,8.832736014262238,diseased
29.036867866130788,37.59925355725749,35.82332575297605,4.1482565552135195,diseased
29.695163410723342,3.985799412868903,34.617566309669456,3.8727441142484134,healthy
27.920480639381278,17.91414612481813,34.81181860999565,6.596902729304743,healthy
27.443390549195374,11.885996056557945,35.491819286239036,4.420334209311235,healthy
29.391690510195364,29.77119666926773,35.12883950944,6.482334688078461,healthy
27.043254444769936,39.28928943889537,31.671049440878697,0.6144629013078751,healthy
29.816505511428943,11.748142372881416,34.655300554137206,8.137233437222275,diseased
25.59483279152432,26.85863485601483,33.72289034860953,9.405039528794026,diseased
31.058311274651288,9.527710044870124,35.26281712836277,6.487653861593859,bleached
29.945194964826086,23.482549673721177,39.47788850390511,9.545659288588107,diseased
29.51205946862775,19.629434494156776,35.55122249821146,1.514323143699633,healthy
30.965381967891027,38.93620252599841,34.529705470741405,4.774161894803537,healthy
32.33094888892515,25.12403636246573,36.38270225296588,6.018067339454473,bleached
31.02874013003626,15.281242139299113,35.72403183081382,5.817366474211867,bleached
25.31825153733671,6.335639825741469,35.63014173567776,4.014617790890433,healthy
26.440846066528596,7.747379491927513,35.91027588982351,3.380844093662614,healthy
27.75036284460864,10.562043338146934,38.084815347244316,1.268240225504188,healthy
29.052182100421668,11.536733130931324,33.30366734701113,3.917424505622782,healthy
30.035318040938247,34.323410197963234,35.71044811521718,1.6266081510548513,healthy
27.548512373693068,23.326465954735948,33.61042830502769,7.3436567649221836,healthy
29.373533528954155,21.888854632225925,35.83326896951337,2.0883093549459,healthy
27.489234135293355,6.361217131030264,33.621970232770856,0.5856530528453385,healthy
27.776964394016105,34.68530834727853,34.37394977959237,5.523661378172343,diseased
26.186677806303557,29.46694352192238,34.55736512864314,5.952297327194016,healthy
27.153533507778192,4.57139775220006,36.46372507901707,8.719130612805055,diseased
26.29663078876733,28.89773369473121,36.37768166591362,5.769816124176819,healthy
27.048253494045333,22.65445225902055,33.131423935330425,3.4548085372344572,healthy
31.10728359321568,5.1055631383775735,35.08240116649977,8.030118815263204,bleached
27.101202222336113,19.415424378088947,33.93563021787624,5.402788931874211,healthy
34.26476412967478,20.418458910941784,33.112242633986995,0.7928028463119174,bleached
29.98663580176178,8.299432526204479,34.674474424363446,5.6585056031324665,bleached
29.369672247389747,37.93652958601073,34.53727581731627,9.080185454216624,diseased
27.283284439637573,34.29906411626516,38.64007472951828,3.9631262549822055,healthy
30.40061975881798,27.422848818506115,35.649439738041046,2.9632580189980007,healthy
27.848724347524453,19.567231318023072,32.933573748868646,1.4346945701802005,healthy
29.244019629290722,17.647090580211323,34.152838993743586,1.5144552193535732,healthy
34.12016907653759,26.73699175173626,36.532074943144096,4.327714843418189,bleached
28.8078802005507,22.72641103746241,38.13266415930489,5.956798241615296,bleached
31.298546652571353,4.366378023511653,32.621025031643065,0.8061540516960175,bleached
27.593647149748225,21.475100653272605,32.180113422291434,9.395685890251658,diseased
28.930023019006075,32.6433374548479,37.806447763057676,7.55133617445196,healthy
32.54160127127102,19.451115348684407,35.58442126605635,5.866239182836627,bleached
27.746065884424464,3.9743499470621995,33.69756090218545,8.284386709389908,diseased
32.62489711599386,31.87857157659326,35.801943629183654,0.8018675681211329,bleached
30.41550387091095,9.651823721167027,31.046378391474683,4.768388777331244,bleached
27.875066448211463,11.827591725745474,35.00506325989574,6.300931268616634,healthy
30.264815478111043,8.258841430427244,35.49173175926463,8.286529061182893,bleached
30.94510889925346,14.548172465116906,36.386405209306744,7.834695600492677,bleached
30.24361992443439,30.75655721616813,33.47915607156119,2.7706924971339966,healthy
25.859550560219088,21.73666266114962,35.12853074210504,9.408801695592043,diseased
27.545725648350263,9.785488417727077,33.61186306091062,1.2434584143087035,healthy
28.50496272889699,35.357542969777555,35.383075633511474,8.751336186211521,diseased
28.851133141799906,35.42411048815811,33.65698051645546,9.709402496046186,diseased
30.241344195101355,35.08198015174826,34.38784874125967,1.7715352322262556,bleached
29.35540200186651,11.074256032498493,33.50627690781466,7.220660642037853,healthy
26.3293112825798,19.14709507887755,35.97670436273548,0.40285518777998464,healthy
29.760395702011927,39.429606933353256,36.287676674985,4.0542282513915495,healthy
30.221171490567645,31.336474099779632,34.64806914506388,5.162832991976741,healthy
30.11958089586208,3.0323620065712733,35.05735699244004,5.806452259096341,healthy
31.161561451109243,4.477774467898698,32.82711287804968,9.359372482485595,bleached
30.66784430909781,19.629392318868646,34.55048502798982,6.722506872941947,healthy
29.918360158456874,36.55036782273929,34.924693074437386,4.81277951219237,healthy
28.859668577082704,22.47066832220314,38.931189636544964,8.096750362658893,diseased
25.678078132968018,20.91687530530303,33.332049461338755,9.50532820954409,diseased
29.85923643826517,6.008000598351963,37.196265858128655,0.22066148682290843,healthy
29.41537537432622,26.957643979523173,36.49528816019871,9.825212722560387,diseased
29.54315767439075,33.23992010280857,35.42095460673521,0.8613213906368034,healthy
26.44650284835938,16.455960285287368,37.6379307262927,8.143867792687614,diseased
26.837886919183475,31.473250335162444,35.55815820891029,2.803347525514125,healthy
31.106305706665808,38.65011284823084,35.583738793501894,1.3217965775387175,bleached
28.92088969228669,9.743125446852186,34.920319020473684,4.398556397138349,healthy
30.36300139474525,21.88652598540017,36.83535332362794,6.4395657944761355,healthy
29.05663675226092,12.911242407213871,36.644703850716326,3.80951845023475,healthy
29.05951227899149,32.128467923285896,34.06148406875568,0.5456540828269896,healthy
30.876567611951995,23.948547903483984,33.02112920810185,5.994611396587166,healthy
27.967910543565253,26.114131866911542,34.69552904390651,9.024032761106747,diseased
29.192241553881967,32.32073806540397,33.79994215340353,3.832153659472517,healthy
28.075449422589916,17.046877961173287,34.904713138076964,2.1633277763082703,healthy
28.13100754513537,36.773422599467644,36.85615720202621,4.425773459328154,healthy
28.38165575306272,22.25509695535332,34.314047517369815,0.4836271104878087,healthy
29.444267543267426,8.002283267743223,34.93576492803264,8.204875844802748,diseased
28.042502756673045,28.444166490414492,35.08703410221259,8.263408109501867,diseased
31.511512251147042,32.14393131665366,36.272646323307924,5.880004634296284,bleached
27.210785395560993,14.036943728566014,31.629665999023093,3.5310288893838946,healthy
28.626256711677282,34.572811765952615,34.08994955785205,7.997833644457834,bleached
28.12053788345165,36.43344368109912,35.316925538419206,5.546870247883672,healthy
31.893955768707464,12.52237052035674,36.80011843464029,8.259323085500162,bleached
29.393109553023148,39.37381596317844,34.26214632874069,6.314587925830207,healthy
31.06368907893727,7.34703806585282,32.18517094093719,7.844054732127973,bleached
26.028879253926057,9.67659539929462,35.929567168949205,5.985629932177599,healthy
29.534100531738517,9.000543891044993,34.04695641676155,4.141410682156662,bleached
30.779261591246875,35.971608980299074,33.215500011364455,9.579458599261375,bleached
29.16456797855085,26.86311698834855,34.06348191543017,5.411138248788447,healthy
31.130960750130704,7.779962762446369,34.72321196351623,6.050895185405384,bleached
27.965423099799256,18.732289897997262,34.09288300319268,2.2048763941474925,healthy
31.81869488037116,25.381324952652477,31.691650914351396,6.256507894272765,diseased
33.5977962472385,5.171635229596565,36.3455992953307,5.716076494829439,bleached
28.27432287912068,35.53182199947887,36.912312561918085,1.8483839794702495,healthy
28.108994957198455,32.53693434677834,35.97728298700926,0.5958709735314371,healthy
31.906768954235403,21.19785739591225,33.29347149436278,6.043593197147711,bleached
32.15914429146142,38.75081137984848,34.69776269907872,7.636922693503205,bleached
27.954279945693465,17.874917212453788,34.99021802715581,5.234013709220083,healthy
28.159626365808286,39.39619212338692,35.89819158434287,2.2677262531964573,healthy
28.436430782278986,27.38095995453783,36.00251073307712,6.665219766930349,healthy
26.311098977931447,26.117508383649774,33.89873930183226,0.8010572660960225,healthy
27.162696107031604,8.30628602123983,35.12299333462034,4.418337048019546,healthy
26.991718466495865,35.513254815576474,35.68592060692286,1.6336675839842019,healthy
27.464404869791743,18.244608140983374,37.18373348322015,1.8445905105988336,healthy
28.930630225226437,8.164869419734217,36.05675980973709,2.0229394915820365,diseased
29.46842946507304,2.4790857590788438,36.18358503106328,3.867070570439779,healthy
32.101000985628154,23.270715978258536,35.12573994189404,0.5115020562039763,bleached
27.003291918522418,22.041185640661702,37.115688717805256,3.977934409290982,healthy
30.968644796953168,29.335437650028027,35.61464419393925,5.117074471147008,healthy
28.57202231154898,35.82980601467648,33.70836813473964,4.832942849663252,bleached
28.901072580695136,5.017450216435122,37.10505495518779,3.8278410040304056,healthy
30.349638984333208,29.79686663293377,36.04685490880854,8.391466080707525,bleached
26.754555956875404,9.121653875708123,34.33543396830728,1.453266924205041,healthy
29.7648194923681,34.61072801997223,34.280760548901135,5.056967437813739,healthy
29.33290441642611,33.12441352674293,35.444863317711146,0.620414169565543,healthy
29.9849025280163,22.550162689450687,35.69477719290138,0.7115567887790974,healthy
29.578337287815636,28.989226347685836,35.29593839844681,5.738658496770963,healthy
33.910600279821786,13.94530430098244,35.46696301016433,5.66018424887821,bleached
27.724520031497367,19.904380159446955,37.54993606186457,8.78033512844457,diseased
27.938006089996364,33.22220211299792,36.60731472835233,5.5787367566007315,healthy
27.75371894715047,19.452077492582127,35.28595338689754,9.597910204048501,diseased
27.88904576167949,15.596334082366788,36.411965871151224,0.4869484839992977,healthy
27.725225745386965,20.780072995511397,33.45121414470869,0.9800768478074107,healthy
31.378033062215103,33.4734715926143,35.59689057492022,0.4406586157038139,healthy
31.84100849597971,14.737905800093163,37.713959524599666,1.8527685033354002,bleached
27.858507412501048,8.602940539158265,34.67293115691144,5.412701109416781,healthy
27.335288853791543,29.056532772569668,33.72854910707137,6.4557218142742805,diseased
29.942831112772808,33.387172082907114,34.02186666711041,0.455851579486688,healthy
27.895553911438057,5.824224183894266,33.365550443986415,9.459708898455993,diseased
30.26586363551102,11.1152162847259,33.82285713780845,8.42165376650381,bleached
29.4058460417026,7.394935610917768,34.44423785211496,2.966124821570931,diseased
25.968511770005534,15.221773640122333,32.891649471232036,0.7718753022646796,healthy
32.09501040266012,19.11333719840568,35.023427500924406,1.6988707321905727,bleached
32.59175534619104,30.455400804605645,36.35341576067997,1.2694441375497267,bleached
27.774422619031228,26.743608225503618,33.63836572977962,1.2328377929894685,healthy
28.224596880128033,25.595285564180383,37.278925885462655,5.185616886657339,healthy
29.57173078144981,15.390247971166868,35.76618813279139,2.458474424934003,healthy
29.66891357997405,33.975007017220875,36.545870878436084,3.5813971652914445,healthy
30.317088545345662,19.908912361130252,34.0132481692218,9.895053333843224,bleached
33.0204090775327,39.20598764457587,36.281787840599925,6.843142489253448,bleached
28.646105545011903,26.097401255238,33.36209914940703,9.489806670470013,diseased
27.403405510923093,6.798060179451104,36.33537125125476,1.425565550331156,healthy
26.241361543970946,27.694747358866493,35.2577590096903,3.8213947483256927,healthy
27.538139920116162,14.353952586404562,35.829876829977174,5.547318032823543,healthy
28.933746054252406,28.080433474071704,33.23660809156272,0.7675806188873802,healthy
32.589115727035576,4.646363630171418,33.657395236585096,0.04187443627957865,bleached
27.964777401927655,8.645494612686456,35.89584232738008,6.704343337969175,healthy
29.447575903277798,34.51801583841988,33.5774779936637,6.418195168014353,healthy
28.967154207854495,10.632823166893566,35.69480943814868,4.107888099996117,healthy
31.376786546896167,33.80756275923172,32.94929329030963,4.896440760320326,bleached
34.05386485174724,12.612491361267596,36.272261319,4.154430005920896,bleached
27.938262454159357,26.429512582230892,33.151215027847236,0.24005044844888856,healthy
28.021121114963556,28.377721793373578,35.82844990651928,3.353716062174624,healthy
31.088321754138143,21.48088061951201,35.938446400469005,1.7708225539728983,bleached
30.363782979252623,13.60180571447579,33.954842272355634,0.9842418910136874,healthy
32.69341465147207,10.080486302101653,35.87303985062709,9.567204338893498,bleached
30.16785637065193,3.2611954733721964,35.39066339500033,5.993597250421656,healthy
28.28141581842588,13.549963247147504,34.191737215710894,7.286562842366027,healthy
30.181309661384617,26.820186040188755,33.48716797388569,3.153637432661175,healthy
31.217407161165816,37.65558310104234,32.05606146249113,3.931471294940152,bleached
30.64096436239473,35.10577032599598,35.52447507094954,2.369239938967235,bleached
30.014548062214594,31.110461508341498,32.65279584295692,0.9696567096542474,bleached
31.13334937917831,31.96099904362535,35.143016299161964,1.790316374415838,bleached
31.338591180891346,27.26942633208782,34.60482767587663,7.975140452964858,bleached
31.764317982075056,11.890900587508114,36.01871416315729,6.7754580518377585,bleached
30.297419775179286,36.473411166821535,34.546931750765204,5.469288759854769,healthy
28.665763839366292,27.487827852421695,34.50582832047936,4.75089872866768,healthy
29.293427372866645,23.296743977256718,36.09780605643245,9.224342836561245,diseased
31.413017933016715,6.217599830112281,35.50258704362618,0.727349477786684,bleached
27.366128658025527,18.988110664644168,35.474233935774166,2.8060081323791595,healthy
29.737346617745803,19.493614305673198,35.703901384712786,3.4993785357071405,healthy
28.213322375345278,34.85341716186146,32.69664181518934,7.824258122127878,healthy
29.057489645869634,22.772632367135962,36.135183019980474,9.925146201619713,diseased
31.556903725214596,16.455220860875567,35.918703191020406,2.4067051475715306,bleached
29.382198136039808,39.11841248340505,33.47497530713525,8.743073341370806,diseased
29.092873096312296,6.207382546399995,34.633879289488696,8.306227604317913,diseased
26.28028771804016,18.056840275853894,34.94103906855855,2.2465739764176664,healthy
30.492507132054442,3.596937656513401,34.7982548233974,3.993325801992226,healthy
30.29096836228215,30.116356589143354,35.5007899498528,4.096728692925192,healthy
33.32650944661092,36.88690898356772,37.14705017274677,9.782206685265583,bleached
28.384443530094,12.641418522918599,36.62265009150924,1.8089190137889832,healthy
29.43830065532788,34.61698371836659,33.03167120985289,7.99157971104782,healthy
29.49876736742151,13.104292757552114,35.933104985459074,3.341927141731099,healthy
32.15490655952695,36.609266142468776,36.99339997930311,7.308703457761604,bleached
28.809408935226095,30.65055233667779,35.5802127810338,4.200110042956629,healthy
29.55804305154068,32.58645751997467,36.63647063777895,5.7835976311654,healthy
30.21579301943308,2.684249112817271,38.01840566855115,8.326117733261311,bleached
29.373218246312717,38.586793568812986,36.53556431916047,8.041655649838841,diseased
28.107132770898943,29.613497698672283,35.37396289346259,8.664231835397002,diseased
29.388179985796615,13.580541624673065,36.56763271112713,0.5961732534465902,healthy
31.147263499719543,33.51699726463619,35.21733174964534,6.920505530397448,bleached
26.94696940117788,12.697805539767337,35.03585456492743,1.3998737672176287,healthy
29.265939348293752,35.16464590351286,34.4728786464294,4.1581856801841095,healthy
27.599758370121652,6.278054835653607,37.34512003824816,5.485884150546885,healthy
31.390093257849685,28.740067143510238,33.772357001086995,4.027394847468307,bleached
25.953626190432452,22.546542112506593,37.29855158701717,5.196116758030075,healthy
27.882156305456824,5.668309867426751,35.749796185610556,9.965263087986191,diseased
29.754423750129043,11.191965473835882,32.90104073779709,1.3521731371285473,healthy
32.13104805846868,2.471353378537962,35.55147393948713,6.754560453364256,bleached
28.868499477854023,19.81318268765122,31.849960238522563,3.960009663856152,healthy
27.889600946613605,13.448079908880015,35.93826202524655,1.3300979890732878,healthy
32.76231413888118,24.737584403314834,36.327847224483484,1.5873676337430953,diseased
26.10397219916751,13.295036692927454,34.11146606652192,9.49273106245617,diseased
24.602388086759838,13.396926237265419,35.18532154393338,8.796014967117621,diseased
29.880028900106666,30.24134155180093,37.93123615062543,9.070419604150219,diseased
27.99589155129478,3.829427767177431,34.24137994360709,9.915327758273865,diseased
26.957534365738574,36.310009817295516,33.4116386194151,2.0831539000851795,healthy
30.416712894598707,34.3860272268649,37.2224951036939,3.5543933736406172,healthy
29.487601427542398,27.37657796260345,37.94388078579619,6.692190299248667,healthy
27.871842738526542,24.542419664080604,35.00554350777177,4.838025398606472,healthy
26.43939120265821,35.907494929306786,36.51719455311253,4.183895333783335,healthy
30.74491465656029,9.042546822091149,37.01221387329632,3.5781124933559303,healthy
30.30040235591732,5.000828163251487,33.886273651192425,5.937806319434522,healthy
28.801648272441234,11.101386456562448,34.2720412469482,5.75593428640082,healthy
32.69327399209533,32.193974590607226,36.846311769732104,1.6145783406424008,bleached
26.859830467347695,3.3174701356063663,37.52752141806276,4.71739837518439,healthy
25.94894965815052,24.146659733172605,35.84432129026153,5.534717762098499,healthy
27.616183860237513,39.826625615269776,33.680278469746916,5.702869387313905,bleached
28.908827967289003,34.5164515658265,37.98059166754916,2.101071929123518,healthy
29.486678898645383,21.8149361836564,34.203543653282054,7.422713922522868,healthy
28.51752788428734,4.418354552892409,34.497293328242826,0.25199094821069634,healthy
29.704110793028594,33.59219354665697,35.51350675173443,3.5483185554316266,healthy
26.496921151619112,24.761183310734,37.33124063107216,7.802126485356336,healthy
31.887529208146518,6.367453888263539,36.28096396482834,5.638929210554023,bleached
28.835697643214864,5.5665768232875354,35.62229825054287,2.611624325108602,healthy
31.234591663176253,36.56581913859051,35.69493279517716,6.949531193430477,bleached
29.68545069275541,27.42960999164698,35.0652720029652,5.673909441560734,healthy
29.913506438307568,33.51289837403671,35.83720927177776,7.962436094563872,diseased
30.13953456046441,35.40119821072616,31.205659883458544,7.350251861898234,bleached
29.89541712003463,23.727349377836244,34.5550888113953,6.1010792203623465,healthy
30.285445519735088,21.66296136669157,35.361982902375175,4.88177675310814,healthy
31.658305060264862,18.356241592197627,33.27347887457074,1.331821256675234,bleached
29.39304233940294,14.043970336062532,35.57948497671734,2.613330178853838,healthy
30.418007515177024,18.514646512631046,34.69329316852082,4.1909947291708525,healthy
28.820528611425548,31.407426917745944,37.63321354747323,5.992992870063887,bleached
31.880234430898945,24.873090378575,37.35952958782229,5.137078552153048,bleached
27.64721539588146,35.91588501828415,34.30129164632275,2.881845259595295,healthy
32.601880865821634,18.848440546409133,34.77374343264996,0.06464357789710551,bleached
28.919684098711315,25.069403991312655,34.88907865158741,4.962392219008139,healthy
26.138449795763904,25.98968701749557,34.322510785760564,2.856259885622431,healthy
29.256208829821578,24.48449216764037,35.29253747604219,7.346083007105351,healthy
27.637896685050237,28.70008337724962,33.862576896668614,0.2394626527048349,healthy
30.68128709797745,11.022471798242638,33.30407699759371,5.8482781130579085,healthy
27.69475204139522,21.469823546740045,35.9340668358504,9.414742375060655,diseased
28.10763313357044,5.9605425067172115,35.944294376332714,1.744092671114995,healthy
25.22091853810894,16.611430450502876,33.793526360510015,4.716494907505954,healthy
28.095387361501846,20.53134860760805,36.3430331461439,0.9142199181713817,healthy
24.152241346742088,26.784521862727953,34.052633406252,6.256819122613527,healthy
25.832194353028555,38.12017999827573,35.37974785705697,5.505316805962256,healthy
30.520829312288594,24.824740528837523,36.230516018918685,4.073655242128323,healthy
30.571600317301666,30.256568814709272,34.94958115294443,5.213770214737412,healthy
29.85091512356993,21.238110260817706,35.6821113682117,8.965746584690102,diseased
27.066047713741575,26.09595319230059,34.22535553416864,1.9629430231106704,healthy
28.90457728771604,4.69542421308339,34.70530012485786,0.22564511705347234,diseased
28.992794921818863,11.666880071990185,34.691210853679486,8.61664884699101,diseased
26.683270621614916,15.75041754179527,33.880132480189644,5.771170823879065,bleached
32.0067966035343,19.954747490247517,34.73483875532633,8.906584554618425,diseased
30.754724581151343,3.734652329090582,32.67707255170438,5.969452234131726,healthy
28.558071652340672,7.320915707026072,34.26326937928684,8.101610899597025,diseased
29.05377167798906,12.51894369606962,34.57268675994549,4.296733633551479,healthy
29.416765615895105,38.91824225423993,34.61573037125693,7.498599312882687,healthy
24.91653026315142,14.591186269915928,34.637753831193834,9.13041466889856,diseased
28.505645234958806,20.317560208259135,34.9073537002098,5.721229637222063,healthy
27.636031504004404,9.451713084058932,35.719162277129094,1.8078515056237954,healthy
26.996759980210168,25.209642700879193,36.31177561119878,2.6879761503019814,healthy
28.437799414228092,12.665962189607024,34.025352159727596,1.9864457689740578,healthy
32.59537305369904,9.865717980660218,33.19519871691628,2.468570275957329,bleached
30.28168572253402,21.629759880947205,33.43693338163535,3.0641544935103635,healthy
27.857642020434405,2.209220368095991,34.26919561820761,5.551337867531885,healthy
30.145165562712318,2.2912332406705627,34.472118023275236,5.879916294638328,healthy
